mean_fit_time,std_fit_time,mean_score_time,std_score_time,param_max_depth,param_max_features,param_min_samples_split,param_n_estimators,params,split0_test_score,split1_test_score,split2_test_score,split3_test_score,split4_test_score,mean_test_score,std_test_score,rank_test_score
0.18090405464172363,0.0051207344086939026,0.015390443801879882,0.0015631679865738975,3,sqrt,2,50,"{'max_depth': 3, 'max_features': 'sqrt', 'min_samples_split': 2, 'n_estimators': 50}",1.0,0.9581699346405229,0.9153439153439153,0.9581699346405229,1.0,0.9663367569249923,0.03162306668752773,1
0.29111361503601074,0.03626812281730639,0.020076990127563477,0.0024887213991320084,3,sqrt,2,100,"{'max_depth': 3, 'max_features': 'sqrt', 'min_samples_split': 2, 'n_estimators': 100}",1.0,0.9581699346405229,0.9153439153439153,0.9581699346405229,1.0,0.9663367569249923,0.03162306668752773,1
0.5325322151184082,0.0395194114385243,0.03229918479919434,0.003429338095166522,3,sqrt,2,200,"{'max_depth': 3, 'max_features': 'sqrt', 'min_samples_split': 2, 'n_estimators': 200}",0.9581699346405229,0.9581699346405229,0.9153439153439153,0.9581699346405229,1.0,0.9579707438530969,0.02677171608964413,31
0.1190122127532959,0.012526865568283096,0.014446067810058593,0.004400716982168871,3,sqrt,5,50,"{'max_depth': 3, 'max_features': 'sqrt', 'min_samples_split': 5, 'n_estimators': 50}",1.0,0.9581699346405229,0.9153439153439153,0.9581699346405229,1.0,0.9663367569249923,0.03162306668752773,1
0.26522121429443357,0.013476860966177538,0.017333269119262695,0.0020592940065796528,3,sqrt,5,100,"{'max_depth': 3, 'max_features': 'sqrt', 'min_samples_split': 5, 'n_estimators': 100}",1.0,0.9581699346405229,0.9153439153439153,0.9581699346405229,1.0,0.9663367569249923,0.03162306668752773,1
0.44611296653747556,0.05846811744194038,0.03309144973754883,0.0050218860242662545,3,sqrt,5,200,"{'max_depth': 3, 'max_features': 'sqrt', 'min_samples_split': 5, 'n_estimators': 200}",0.9581699346405229,0.9581699346405229,0.9153439153439153,0.9581699346405229,1.0,0.9579707438530969,0.02677171608964413,31
0.11057806015014648,0.014712161219198005,0.013450860977172852,0.002116906837558072,3,sqrt,10,50,"{'max_depth': 3, 'max_features': 'sqrt', 'min_samples_split': 10, 'n_estimators': 50}",1.0,0.9581699346405229,0.9153439153439153,0.9581699346405229,1.0,0.9663367569249923,0.03162306668752773,1
0.2173999309539795,0.027286869878914974,0.01895627975463867,0.0032110411106918897,3,sqrt,10,100,"{'max_depth': 3, 'max_features': 'sqrt', 'min_samples_split': 10, 'n_estimators': 100}",1.0,0.9581699346405229,0.9153439153439153,0.9581699346405229,1.0,0.9663367569249923,0.03162306668752773,1
0.457674503326416,0.03312306681470939,0.034167909622192384,0.003686646941140021,3,sqrt,10,200,"{'max_depth': 3, 'max_features': 'sqrt', 'min_samples_split': 10, 'n_estimators': 200}",0.9581699346405229,0.9581699346405229,0.9153439153439153,0.9581699346405229,1.0,0.9579707438530969,0.02677171608964413,31
0.10429506301879883,0.015421525281191992,0.01213226318359375,0.0031416278588250733,3,log2,2,50,"{'max_depth': 3, 'max_features': 'log2', 'min_samples_split': 2, 'n_estimators': 50}",1.0,0.9581699346405229,0.9153439153439153,0.9581699346405229,1.0,0.9663367569249923,0.03162306668752773,1
0.2081965446472168,0.026301868453294682,0.01781625747680664,0.002109650492752485,3,log2,2,100,"{'max_depth': 3, 'max_features': 'log2', 'min_samples_split': 2, 'n_estimators': 100}",1.0,0.9581699346405229,0.9153439153439153,0.9581699346405229,1.0,0.9663367569249923,0.03162306668752773,1
0.4446981906890869,0.04493348182032945,0.03102707862854004,0.003704696098197752,3,log2,2,200,"{'max_depth': 3, 'max_features': 'log2', 'min_samples_split': 2, 'n_estimators': 200}",0.9581699346405229,0.9581699346405229,0.9153439153439153,0.9581699346405229,1.0,0.9579707438530969,0.02677171608964413,31
0.11231756210327148,0.010767263019425186,0.013296842575073242,0.002354322188823284,3,log2,5,50,"{'max_depth': 3, 'max_features': 'log2', 'min_samples_split': 5, 'n_estimators': 50}",1.0,0.9581699346405229,0.9153439153439153,0.9581699346405229,1.0,0.9663367569249923,0.03162306668752773,1
0.23474593162536622,0.02310130845538049,0.020527362823486328,0.002434814259680338,3,log2,5,100,"{'max_depth': 3, 'max_features': 'log2', 'min_samples_split': 5, 'n_estimators': 100}",1.0,0.9581699346405229,0.9153439153439153,0.9581699346405229,1.0,0.9663367569249923,0.03162306668752773,1
0.4636702060699463,0.015787156632744583,0.03183646202087402,0.002295499157989108,3,log2,5,200,"{'max_depth': 3, 'max_features': 'log2', 'min_samples_split': 5, 'n_estimators': 200}",0.9581699346405229,0.9581699346405229,0.9153439153439153,0.9581699346405229,1.0,0.9579707438530969,0.02677171608964413,31
0.13113913536071778,0.007739974329225442,0.01851506233215332,0.006858602227842361,3,log2,10,50,"{'max_depth': 3, 'max_features': 'log2', 'min_samples_split': 10, 'n_estimators': 50}",1.0,0.9581699346405229,0.9153439153439153,0.9581699346405229,1.0,0.9663367569249923,0.03162306668752773,1
0.23692526817321777,0.007109130479586,0.01838822364807129,0.002697662406680187,3,log2,10,100,"{'max_depth': 3, 'max_features': 'log2', 'min_samples_split': 10, 'n_estimators': 100}",1.0,0.9581699346405229,0.9153439153439153,0.9581699346405229,1.0,0.9663367569249923,0.03162306668752773,1
0.47256860733032224,0.01354159325923805,0.03791813850402832,0.006719226627395384,3,log2,10,200,"{'max_depth': 3, 'max_features': 'log2', 'min_samples_split': 10, 'n_estimators': 200}",0.9581699346405229,0.9581699346405229,0.9153439153439153,0.9581699346405229,1.0,0.9579707438530969,0.02677171608964413,31
0.12954492568969728,0.007152110355077745,0.018532466888427735,0.00945041968257055,5,sqrt,2,50,"{'max_depth': 5, 'max_features': 'sqrt', 'min_samples_split': 2, 'n_estimators': 50}",1.0,0.9581699346405229,0.9153439153439153,0.9581699346405229,1.0,0.9663367569249923,0.03162306668752773,1
0.2346736431121826,0.0019467909943785932,0.02357511520385742,0.005307230294667386,5,sqrt,2,100,"{'max_depth': 5, 'max_features': 'sqrt', 'min_samples_split': 2, 'n_estimators': 100}",1.0,0.9581699346405229,0.9153439153439153,0.9581699346405229,1.0,0.9663367569249923,0.03162306668752773,1
0.5239211082458496,0.05069293043494998,0.03858151435852051,0.005628551762512441,5,sqrt,2,200,"{'max_depth': 5, 'max_features': 'sqrt', 'min_samples_split': 2, 'n_estimators': 200}",0.9581699346405229,0.9581699346405229,0.9153439153439153,0.9581699346405229,1.0,0.9579707438530969,0.02677171608964413,31
0.12294821739196778,0.00996192261800219,0.013579702377319336,0.0017431411052212758,5,sqrt,5,50,"{'max_depth': 5, 'max_features': 'sqrt', 'min_samples_split': 5, 'n_estimators': 50}",0.9581699346405229,0.9581699346405229,0.9153439153439153,0.9581699346405229,1.0,0.9579707438530969,0.02677171608964413,31
0.28838481903076174,0.025772754210787757,0.026790475845336913,0.00044198011757801397,5,sqrt,5,100,"{'max_depth': 5, 'max_features': 'sqrt', 'min_samples_split': 5, 'n_estimators': 100}",0.9581699346405229,0.9581699346405229,0.9153439153439153,0.9581699346405229,1.0,0.9579707438530969,0.02677171608964413,31
0.6094558238983154,0.017286862608792388,0.04671287536621094,0.006596620687199651,5,sqrt,5,200,"{'max_depth': 5, 'max_features': 'sqrt', 'min_samples_split': 5, 'n_estimators': 200}",0.9581699346405229,0.9581699346405229,0.9153439153439153,0.9581699346405229,1.0,0.9579707438530969,0.02677171608964413,31
0.15849380493164061,0.007792328993805204,0.018002986907958984,0.0015158320789585079,5,sqrt,10,50,"{'max_depth': 5, 'max_features': 'sqrt', 'min_samples_split': 10, 'n_estimators': 50}",1.0,0.9581699346405229,0.9153439153439153,0.9581699346405229,1.0,0.9663367569249923,0.03162306668752773,1
0.305662202835083,0.011145248104843873,0.030646467208862306,0.007358619888054147,5,sqrt,10,100,"{'max_depth': 5, 'max_features': 'sqrt', 'min_samples_split': 10, 'n_estimators': 100}",0.9581699346405229,0.9581699346405229,0.9153439153439153,0.9581699346405229,1.0,0.9579707438530969,0.02677171608964413,31
0.6548216342926025,0.04024266709337217,0.05040273666381836,0.003114231896962217,5,sqrt,10,200,"{'max_depth': 5, 'max_features': 'sqrt', 'min_samples_split': 10, 'n_estimators': 200}",0.9581699346405229,0.9581699346405229,0.9153439153439153,0.9581699346405229,1.0,0.9579707438530969,0.02677171608964413,31
0.18855729103088378,0.021065994751946773,0.017618083953857423,0.0017845965103908943,5,log2,2,50,"{'max_depth': 5, 'max_features': 'log2', 'min_samples_split': 2, 'n_estimators': 50}",1.0,0.9581699346405229,0.9153439153439153,0.9581699346405229,1.0,0.9663367569249923,0.03162306668752773,1
0.28662495613098143,0.0435811326379809,0.025086021423339842,0.006297475531540863,5,log2,2,100,"{'max_depth': 5, 'max_features': 'log2', 'min_samples_split': 2, 'n_estimators': 100}",1.0,0.9581699346405229,0.9153439153439153,0.9581699346405229,1.0,0.9663367569249923,0.03162306668752773,1
0.6348031044006348,0.05308280658660715,0.039946365356445315,0.006043399852004067,5,log2,2,200,"{'max_depth': 5, 'max_features': 'log2', 'min_samples_split': 2, 'n_estimators': 200}",0.9581699346405229,0.9581699346405229,0.9153439153439153,0.9581699346405229,1.0,0.9579707438530969,0.02677171608964413,31
0.1780935764312744,0.011001851735717326,0.01864018440246582,0.0027166810091007717,5,log2,5,50,"{'max_depth': 5, 'max_features': 'log2', 'min_samples_split': 5, 'n_estimators': 50}",0.9581699346405229,0.9581699346405229,0.9153439153439153,0.9581699346405229,1.0,0.9579707438530969,0.02677171608964413,31
0.312612247467041,0.0425907519605801,0.027263593673706055,0.0032594182006296154,5,log2,5,100,"{'max_depth': 5, 'max_features': 'log2', 'min_samples_split': 5, 'n_estimators': 100}",0.9581699346405229,0.9581699346405229,0.9153439153439153,0.9581699346405229,1.0,0.9579707438530969,0.02677171608964413,31
0.5526555061340332,0.06151277422472234,0.04202585220336914,0.0066206899370006515,5,log2,5,200,"{'max_depth': 5, 'max_features': 'log2', 'min_samples_split': 5, 'n_estimators': 200}",0.9581699346405229,0.9581699346405229,0.9153439153439153,0.9581699346405229,1.0,0.9579707438530969,0.02677171608964413,31
0.15946898460388184,0.021374618495068578,0.018035268783569335,0.002118212492623229,5,log2,10,50,"{'max_depth': 5, 'max_features': 'log2', 'min_samples_split': 10, 'n_estimators': 50}",1.0,0.9581699346405229,0.9153439153439153,0.9581699346405229,1.0,0.9663367569249923,0.03162306668752773,1
0.32460594177246094,0.028278296464607656,0.025597381591796874,0.0035403558566465755,5,log2,10,100,"{'max_depth': 5, 'max_features': 'log2', 'min_samples_split': 10, 'n_estimators': 100}",0.9581699346405229,0.9581699346405229,0.9153439153439153,0.9581699346405229,1.0,0.9579707438530969,0.02677171608964413,31
0.6864286422729492,0.03358744200945276,0.05209126472473145,0.005118994376674642,5,log2,10,200,"{'max_depth': 5, 'max_features': 'log2', 'min_samples_split': 10, 'n_estimators': 200}",0.9581699346405229,0.9581699346405229,0.9153439153439153,0.9581699346405229,1.0,0.9579707438530969,0.02677171608964413,31
0.2017824172973633,0.03175158800227502,0.0189054012298584,0.005111437150993792,10,sqrt,2,50,"{'max_depth': 10, 'max_features': 'sqrt', 'min_samples_split': 2, 'n_estimators': 50}",1.0,0.9581699346405229,0.9153439153439153,0.9581699346405229,1.0,0.9663367569249923,0.03162306668752773,1
0.3591622352600098,0.0326541247136003,0.02874789237976074,0.0016046449812868492,10,sqrt,2,100,"{'max_depth': 10, 'max_features': 'sqrt', 'min_samples_split': 2, 'n_estimators': 100}",1.0,0.9581699346405229,0.9153439153439153,0.9581699346405229,1.0,0.9663367569249923,0.03162306668752773,1
0.6583849906921386,0.01763775842424448,0.042989683151245114,0.005357483182030753,10,sqrt,2,200,"{'max_depth': 10, 'max_features': 'sqrt', 'min_samples_split': 2, 'n_estimators': 200}",0.9581699346405229,0.9581699346405229,0.9153439153439153,0.9581699346405229,1.0,0.9579707438530969,0.02677171608964413,31
0.19288282394409179,0.017917942430501578,0.01629748344421387,0.004275896880189563,10,sqrt,5,50,"{'max_depth': 10, 'max_features': 'sqrt', 'min_samples_split': 5, 'n_estimators': 50}",0.9581699346405229,0.9581699346405229,0.9153439153439153,0.9581699346405229,1.0,0.9579707438530969,0.02677171608964413,31
0.29206080436706544,0.02961278577213815,0.029152774810791017,0.00889032263061052,10,sqrt,5,100,"{'max_depth': 10, 'max_features': 'sqrt', 'min_samples_split': 5, 'n_estimators': 100}",0.9581699346405229,0.9581699346405229,0.9153439153439153,0.9581699346405229,1.0,0.9579707438530969,0.02677171608964413,31
0.6296488761901855,0.03500741286437944,0.046858787536621094,0.007180016963401425,10,sqrt,5,200,"{'max_depth': 10, 'max_features': 'sqrt', 'min_samples_split': 5, 'n_estimators': 200}",0.9581699346405229,0.9581699346405229,0.9153439153439153,0.9581699346405229,1.0,0.9579707438530969,0.02677171608964413,31
0.14372377395629882,0.022413443455795618,0.014819622039794922,0.0018718286587599555,10,sqrt,10,50,"{'max_depth': 10, 'max_features': 'sqrt', 'min_samples_split': 10, 'n_estimators': 50}",1.0,0.9581699346405229,0.9153439153439153,0.9581699346405229,1.0,0.9663367569249923,0.03162306668752773,1
0.28449211120605467,0.038376931064238576,0.024797821044921876,0.0025527703417019144,10,sqrt,10,100,"{'max_depth': 10, 'max_features': 'sqrt', 'min_samples_split': 10, 'n_estimators': 100}",0.9581699346405229,0.9581699346405229,0.9153439153439153,0.9581699346405229,1.0,0.9579707438530969,0.02677171608964413,31
0.5420766830444336,0.06197520033153459,0.04003963470458984,0.012454431603782262,10,sqrt,10,200,"{'max_depth': 10, 'max_features': 'sqrt', 'min_samples_split': 10, 'n_estimators': 200}",0.9581699346405229,0.9581699346405229,0.9153439153439153,0.9581699346405229,1.0,0.9579707438530969,0.02677171608964413,31
0.1727818489074707,0.009933845860711613,0.017087316513061522,0.0028413900786519878,10,log2,2,50,"{'max_depth': 10, 'max_features': 'log2', 'min_samples_split': 2, 'n_estimators': 50}",1.0,0.9581699346405229,0.9153439153439153,0.9581699346405229,1.0,0.9663367569249923,0.03162306668752773,1
0.33709187507629396,0.00809267762075672,0.031269168853759764,0.0025342444919362827,10,log2,2,100,"{'max_depth': 10, 'max_features': 'log2', 'min_samples_split': 2, 'n_estimators': 100}",1.0,0.9581699346405229,0.9153439153439153,0.9581699346405229,1.0,0.9663367569249923,0.03162306668752773,1
0.5912320613861084,0.06863903975486176,0.04613847732543945,0.01191963892002881,10,log2,2,200,"{'max_depth': 10, 'max_features': 'log2', 'min_samples_split': 2, 'n_estimators': 200}",0.9581699346405229,0.9581699346405229,0.9153439153439153,0.9581699346405229,1.0,0.9579707438530969,0.02677171608964413,31
0.15360918045043945,0.014384019888463792,0.015977907180786132,0.0014317415861279837,10,log2,5,50,"{'max_depth': 10, 'max_features': 'log2', 'min_samples_split': 5, 'n_estimators': 50}",0.9581699346405229,0.9581699346405229,0.9153439153439153,0.9581699346405229,1.0,0.9579707438530969,0.02677171608964413,31
0.3336670398712158,0.017909500424893678,0.03145480155944824,0.003098164038382078,10,log2,5,100,"{'max_depth': 10, 'max_features': 'log2', 'min_samples_split': 5, 'n_estimators': 100}",0.9581699346405229,0.9581699346405229,0.9153439153439153,0.9581699346405229,1.0,0.9579707438530969,0.02677171608964413,31
0.7965924739837646,0.025840203226634023,0.054653358459472653,0.011032293567753634,10,log2,5,200,"{'max_depth': 10, 'max_features': 'log2', 'min_samples_split': 5, 'n_estimators': 200}",0.9581699346405229,0.9581699346405229,0.9153439153439153,0.9581699346405229,1.0,0.9579707438530969,0.02677171608964413,31
0.21213436126708984,0.02093277330372374,0.03542704582214355,0.01207433195680908,10,log2,10,50,"{'max_depth': 10, 'max_features': 'log2', 'min_samples_split': 10, 'n_estimators': 50}",1.0,0.9581699346405229,0.9153439153439153,0.9581699346405229,1.0,0.9663367569249923,0.03162306668752773,1
0.43098955154418944,0.01921101620574802,0.026604604721069337,0.004662627067893333,10,log2,10,100,"{'max_depth': 10, 'max_features': 'log2', 'min_samples_split': 10, 'n_estimators': 100}",0.9581699346405229,0.9581699346405229,0.9153439153439153,0.9581699346405229,1.0,0.9579707438530969,0.02677171608964413,31
0.6257658481597901,0.021546976558763226,0.02908468246459961,0.002661831258057834,10,log2,10,200,"{'max_depth': 10, 'max_features': 'log2', 'min_samples_split': 10, 'n_estimators': 200}",0.9581699346405229,0.9581699346405229,0.9153439153439153,0.9581699346405229,1.0,0.9579707438530969,0.02677171608964413,31
0.17637987136840821,0.026807695186186906,0.024412059783935548,0.004051964466140692,,sqrt,2,50,"{'max_depth': None, 'max_features': 'sqrt', 'min_samples_split': 2, 'n_estimators': 50}",1.0,0.9581699346405229,0.9153439153439153,0.9581699346405229,1.0,0.9663367569249923,0.03162306668752773,1
0.25525484085083006,0.02472044057455412,0.018260955810546875,0.002208433217322926,,sqrt,2,100,"{'max_depth': None, 'max_features': 'sqrt', 'min_samples_split': 2, 'n_estimators': 100}",1.0,0.9581699346405229,0.9153439153439153,0.9581699346405229,1.0,0.9663367569249923,0.03162306668752773,1
0.41589794158935545,0.014005061809793226,0.026808691024780274,0.0021810748422793594,,sqrt,2,200,"{'max_depth': None, 'max_features': 'sqrt', 'min_samples_split': 2, 'n_estimators': 200}",0.9581699346405229,0.9581699346405229,0.9153439153439153,0.9581699346405229,1.0,0.9579707438530969,0.02677171608964413,31
0.10462007522583008,0.007426922577898696,0.010538959503173828,0.0007386570602026738,,sqrt,5,50,"{'max_depth': None, 'max_features': 'sqrt', 'min_samples_split': 5, 'n_estimators': 50}",0.9581699346405229,0.9581699346405229,0.9153439153439153,0.9581699346405229,1.0,0.9579707438530969,0.02677171608964413,31
0.19968514442443847,0.008153203633959093,0.015970659255981446,0.001367075570401689,,sqrt,5,100,"{'max_depth': None, 'max_features': 'sqrt', 'min_samples_split': 5, 'n_estimators': 100}",0.9581699346405229,0.9581699346405229,0.9153439153439153,0.9581699346405229,1.0,0.9579707438530969,0.02677171608964413,31
0.38965306282043455,0.011154976538458013,0.02939777374267578,0.0023439687099319267,,sqrt,5,200,"{'max_depth': None, 'max_features': 'sqrt', 'min_samples_split': 5, 'n_estimators': 200}",0.9581699346405229,0.9581699346405229,0.9153439153439153,0.9581699346405229,1.0,0.9579707438530969,0.02677171608964413,31
0.10074176788330078,0.006750238928414102,0.010691404342651367,0.0012407022010474701,,sqrt,10,50,"{'max_depth': None, 'max_features': 'sqrt', 'min_samples_split': 10, 'n_estimators': 50}",1.0,0.9581699346405229,0.9153439153439153,0.9581699346405229,1.0,0.9663367569249923,0.03162306668752773,1
0.20126967430114745,0.007962501650270114,0.01792035102844238,0.002350257503628879,,sqrt,10,100,"{'max_depth': None, 'max_features': 'sqrt', 'min_samples_split': 10, 'n_estimators': 100}",0.9581699346405229,0.9581699346405229,0.9153439153439153,0.9581699346405229,1.0,0.9579707438530969,0.02677171608964413,31
0.5059992790222168,0.03634855346140284,0.0421506404876709,0.005676293051802962,,sqrt,10,200,"{'max_depth': None, 'max_features': 'sqrt', 'min_samples_split': 10, 'n_estimators': 200}",0.9581699346405229,0.9581699346405229,0.9153439153439153,0.9581699346405229,1.0,0.9579707438530969,0.02677171608964413,31
0.11596364974975586,0.009926054489167646,0.013198947906494141,0.003255424858009831,,log2,2,50,"{'max_depth': None, 'max_features': 'log2', 'min_samples_split': 2, 'n_estimators': 50}",1.0,0.9581699346405229,0.9153439153439153,0.9581699346405229,1.0,0.9663367569249923,0.03162306668752773,1
0.2761854648590088,0.03067930709864176,0.033348608016967776,0.006945273103624421,,log2,2,100,"{'max_depth': None, 'max_features': 'log2', 'min_samples_split': 2, 'n_estimators': 100}",1.0,0.9581699346405229,0.9153439153439153,0.9581699346405229,1.0,0.9663367569249923,0.03162306668752773,1
0.6266828536987304,0.028643645970157724,0.045508193969726565,0.0020258690919978707,,log2,2,200,"{'max_depth': None, 'max_features': 'log2', 'min_samples_split': 2, 'n_estimators': 200}",0.9581699346405229,0.9581699346405229,0.9153439153439153,0.9581699346405229,1.0,0.9579707438530969,0.02677171608964413,31
0.15194740295410156,0.015955575908023885,0.015328598022460938,0.003103233879808418,,log2,5,50,"{'max_depth': None, 'max_features': 'log2', 'min_samples_split': 5, 'n_estimators': 50}",0.9581699346405229,0.9581699346405229,0.9153439153439153,0.9581699346405229,1.0,0.9579707438530969,0.02677171608964413,31
0.2733206272125244,0.04260348631067389,0.022730255126953126,0.0041066821471582755,,log2,5,100,"{'max_depth': None, 'max_features': 'log2', 'min_samples_split': 5, 'n_estimators': 100}",0.9581699346405229,0.9581699346405229,0.9153439153439153,0.9581699346405229,1.0,0.9579707438530969,0.02677171608964413,31
0.5710423469543457,0.07356918262217614,0.03581428527832031,0.010012285093145779,,log2,5,200,"{'max_depth': None, 'max_features': 'log2', 'min_samples_split': 5, 'n_estimators': 200}",0.9581699346405229,0.9581699346405229,0.9153439153439153,0.9581699346405229,1.0,0.9579707438530969,0.02677171608964413,31
0.15494165420532227,0.019732570548636714,0.01521615982055664,0.002415943615379946,,log2,10,50,"{'max_depth': None, 'max_features': 'log2', 'min_samples_split': 10, 'n_estimators': 50}",1.0,0.9581699346405229,0.9153439153439153,0.9581699346405229,1.0,0.9663367569249923,0.03162306668752773,1
0.32314410209655764,0.006097392470836039,0.025814104080200195,0.002966491269156055,,log2,10,100,"{'max_depth': None, 'max_features': 'log2', 'min_samples_split': 10, 'n_estimators': 100}",0.9581699346405229,0.9581699346405229,0.9153439153439153,0.9581699346405229,1.0,0.9579707438530969,0.02677171608964413,31
0.4628093719482422,0.030174012124537564,0.029788827896118163,0.005084439839841124,,log2,10,200,"{'max_depth': None, 'max_features': 'log2', 'min_samples_split': 10, 'n_estimators': 200}",0.9581699346405229,0.9581699346405229,0.9153439153439153,0.9581699346405229,1.0,0.9579707438530969,0.02677171608964413,31
